{"cameraMode":{"drawMode":0,"name":"Shaded","section":"Shading Mode"},"sceneLighting":true,"audioPlay":false,"sceneViewState":{"showFog":true,"showMaterialUpdate":false,"showSkybox":false,"showFlares":true,"showImageEffects":true,"showParticleSystems":true},"in2DMode":false,"pivot":{"x":48.45228576660156,"y":-10.109050750732422,"z":-6.945282936096191},"rotation":{"x":-0.08964892476797104,"y":-0.7622479796409607,"z":0.10787560045719147,"w":-0.6321247220039368},"size":36.37306594848633,"orthographic":false}