{"cameraMode":{"drawMode":0,"name":"Shaded","section":"Shading Mode"},"sceneLighting":true,"audioPlay":false,"sceneViewState":{"showFog":true,"showMaterialUpdate":false,"showSkybox":false,"showFlares":true,"showImageEffects":true,"showParticleSystems":true},"in2DMode":false,"pivot":{"x":-35.67176818847656,"y":-22.334091186523439,"z":34.285743713378909},"rotation":{"x":-0.22858427464962007,"y":0.3774305284023285,"z":-0.09676317870616913,"w":-0.8923043012619019},"size":36.37306594848633,"orthographic":false}